[{"model": "sessions.session", "pk": "65ildgtyqxcijbu7kz40p23gj8kv4acv", "fields": {"session_data": "M2Q1NGU1MGFjMWEwODBmNTk4ZmVlNDI1NDVkNDUwNjRmZDFlZDc5Yjp7Im5leHQiOiIvIiwidmstb2F1dGgyX3N0YXRlIjoiQVR6MWloRnl5WFQ3UnVNYnlLSVMxOHh5eU9OMXNzOHUiLCJfYXV0aF91c2VyX2lkIjoiMjUiLCJfYXV0aF91c2VyX2JhY2tlbmQiOiJzb2NpYWxfY29yZS5iYWNrZW5kcy52ay5WS09BdXRoMiIsIl9hdXRoX3VzZXJfaGFzaCI6IjVhOWVhYmRlMWQ4MjVkMWVhZDJlYzI1ZWE2ZDQ1YzJjZmQwNmRkYjEiLCJzb2NpYWxfYXV0aF9sYXN0X2xvZ2luX2JhY2tlbmQiOiJ2ay1vYXV0aDIifQ==", "expire_date": "2021-04-07T08:30:52.763Z"}}, {"model": "sessions.session", "pk": "71flr2h7dyth1wewxvq041xgo7rlw0oy", "fields": {"session_data": "ZDFjZTkxYWU2MDFlZjUwOWUzOGY3OTdlMjFiYTVhNmVmNDA3YmIyOTp7Il9hdXRoX3VzZXJfaWQiOiIxIiwiX2F1dGhfdXNlcl9iYWNrZW5kIjoiZGphbmdvLmNvbnRyaWIuYXV0aC5iYWNrZW5kcy5Nb2RlbEJhY2tlbmQiLCJfYXV0aF91c2VyX2hhc2giOiJhODYyZWNkZGMzNzFiZmZjMjJhNGEyYTgwOWYxMjJlMWYyY2E3ZDI0In0=", "expire_date": "2021-04-15T06:44:16.698Z"}}, {"model": "sessions.session", "pk": "ek8wxbpu3s4chv6scl01wlyf3fowc0p8", "fields": {"session_data": "MDhlN2JiYmE0NTMzMDExZmIzMGZkYTk4OWFlYmQ5ZTFiOTlhNGYxZDp7Il9hdXRoX3VzZXJfaWQiOiIyNCIsIl9hdXRoX3VzZXJfYmFja2VuZCI6ImRqYW5nby5jb250cmliLmF1dGguYmFja2VuZHMuTW9kZWxCYWNrZW5kIiwiX2F1dGhfdXNlcl9oYXNoIjoiYTE1YmNmNjZmNzlkMWE3ODNkMWY4MGRhZTEzMGE4NTdmMzQzNjJlOSJ9", "expire_date": "2021-03-26T15:07:30.083Z"}}, {"model": "sessions.session", "pk": "v1sunke2aqifpgdfsqkdtx2xwbjkd8zd", "fields": {"session_data": "ZDFjZTkxYWU2MDFlZjUwOWUzOGY3OTdlMjFiYTVhNmVmNDA3YmIyOTp7Il9hdXRoX3VzZXJfaWQiOiIxIiwiX2F1dGhfdXNlcl9iYWNrZW5kIjoiZGphbmdvLmNvbnRyaWIuYXV0aC5iYWNrZW5kcy5Nb2RlbEJhY2tlbmQiLCJfYXV0aF91c2VyX2hhc2giOiJhODYyZWNkZGMzNzFiZmZjMjJhNGEyYTgwOWYxMjJlMWYyY2E3ZDI0In0=", "expire_date": "2021-03-07T16:35:51.101Z"}}, {"model": "mainapp.productcategory", "pk": 1, "fields": {"name": "\u041d\u043e\u0432\u0438\u043d\u043a\u0438", "description": "\u041a\u0430\u0442\u0435\u0433\u043e\u0440\u0438\u044f \u0434\u043b\u044f \u043d\u043e\u0432\u0438\u043d\u043e\u043a", "is_active": true}}, {"model": "mainapp.productcategory", "pk": 2, "fields": {"name": "\u041e\u0434\u0435\u0436\u0434\u0430", "description": null, "is_active": true}}, {"model": "mainapp.productcategory", "pk": 3, "fields": {"name": "\u041e\u0431\u0443\u0432\u044c", "description": "", "is_active": true}}, {"model": "mainapp.productcategory", "pk": 4, "fields": {"name": "\u0410\u043a\u0441\u0435\u0441\u0441\u0443\u0430\u0440\u044b", "description": "\u0423\u043a\u0440\u0430\u0448\u0435\u043d\u0438\u044f \u0438 \u043f\u0440\u0438\u044f\u0442\u043d\u044b\u0435 \u043c\u0435\u043b\u043e\u0447\u0438", "is_active": true}}, {"model": "mainapp.productcategory", "pk": 5, "fields": {"name": "\u041f\u043e\u0434\u0430\u0440\u043a\u0438", "description": "", "is_active": true}}, {"model": "mainapp.productcategory", "pk": 11, "fields": {"name": "\u0414\u043e\u043c\u0430\u0448\u043d\u044f\u044f \u043e\u0434\u0435\u0436\u0434\u0430", "description": "\u041f\u0438\u0436\u0430\u043c\u044b, \u0445\u0430\u043b\u0430\u0442\u044b \u0438 \u043a\u043e\u0441\u0442\u044e\u043c\u044b", "is_active": true}}, {"model": "mainapp.product", "pk": 1, "fields": {"name": "\u0425\u0443\u0434\u0438 \u0447\u0435\u0440\u043d\u043e\u0433\u043e \u0446\u0432\u0435\u0442\u0430 \u0441 \u043c\u043e\u043d\u043e\u0433\u0440\u0430\u043c\u043c\u0430\u043c\u0438 adidas Originals", "image": "product_images/Adidas-hoodie.png", "description": "", "short_description": "\u041c\u044f\u0433\u043a\u0430\u044f \u0442\u043a\u0430\u043d\u044c \u0434\u043b\u044f \u0441\u0432\u0438\u0442\u0448\u043e\u0442\u043e\u0432. \u0421\u0442\u0438\u043b\u044c \u0438 \u043a\u043e\u043c\u0444\u043e\u0440\u0442 \u2013 \u044d\u0442\u043e \u043e\u0431\u0440\u0430\u0437 \u0436\u0438\u0437\u043d\u0438.", "price": "6090.00", "quantity": 7, "category": 2, "is_active": true}}, {"model": "mainapp.product", "pk": 2, "fields": {"name": "\u0421\u0438\u043d\u044f\u044f \u043a\u0443\u0440\u0442\u043a\u0430 The North Face", "image": "product_images/Blue-jacket-The-North-Face.png", "description": "", "short_description": "\u0413\u043b\u0430\u0434\u043a\u0430\u044f \u0442\u043a\u0430\u043d\u044c. \u0412\u043e\u0434\u043e\u043d\u0435\u043f\u0440\u043e\u043d\u0438\u0446\u0430\u0435\u043c\u043e\u0435 \u043f\u043e\u043a\u0440\u044b\u0442\u0438\u0435. \u041b\u0435\u0433\u043a\u0438\u0439 \u0438 \u0442\u0435\u043f\u043b\u044b\u0439 \u043f\u0443\u0445\u043e\u0432", "price": "23725.00", "quantity": 5, "category": 2, "is_active": true}}, {"model": "mainapp.product", "pk": 3, "fields": {"name": "\u041a\u043e\u0440\u0438\u0447\u043d\u0435\u0432\u044b\u0439 \u0441\u043f\u043e\u0440\u0442\u0438\u0432\u043d\u044b\u0439 oversized-\u0442\u043e\u043f ASOS DESIGN", "image": "product_images/Brown-sports-oversized-top-ASOS-DESIGN.png", "description": "", "short_description": "\u041c\u0430\u0442\u0435\u0440\u0438\u0430\u043b \u0441 \u043f\u043b\u044e\u0448\u0435\u0432\u043e\u0439 \u0442\u0435\u043a\u0441\u0442\u0443\u0440\u043e\u0439. \u0423\u0434\u043e\u0431\u043d\u044b\u0439 \u0438 \u043c\u044f\u0433\u043a\u0438\u0439.", "price": "3390.00", "quantity": 7, "category": 1, "is_active": true}}, {"model": "mainapp.product", "pk": 4, "fields": {"name": "\u0427\u0435\u0440\u043d\u044b\u0439 \u0440\u044e\u043a\u0437\u0430\u043a Nike Heritage", "image": "product_images/Black-Nike-Heritage-backpack.png", "description": "", "short_description": "\u041f\u043b\u043e\u0442\u043d\u0430\u044f \u0442\u043a\u0430\u043d\u044c. \u041b\u0435\u0433\u043a\u0438\u0439 \u043c\u0430\u0442\u0435\u0440\u0438\u0430\u043b.", "price": "2340.00", "quantity": 15, "category": 4, "is_active": true}}, {"model": "mainapp.product", "pk": 5, "fields": {"name": "\u0427\u0435\u0440\u043d\u044b\u0435 \u0442\u0443\u0444\u043b\u0438 \u043d\u0430 \u043f\u043b\u0430\u0442\u0444\u043e\u0440\u043c\u0435 \u0441 3 \u043f\u0430\u0440\u0430\u043c\u0438 \u043b\u044e\u0432\u0435\u0440\u0441\u043e\u0432 Dr Martens 1461 Bex", "image": "product_images/Black-Dr-Martens-shoes.png", "description": "", "short_description": "\u0413\u043b\u0430\u0434\u043a\u0438\u0439 \u043a\u043e\u0436\u0430\u043d\u044b\u0439 \u0432\u0435\u0440\u0445. \u041d\u0430\u0442\u0443\u0440\u0430\u043b\u044c\u043d\u044b\u0439 \u043c\u0430\u0442\u0435\u0440\u0438\u0430\u043b.", "price": "13590.00", "quantity": 4, "category": 3, "is_active": true}}, {"model": "mainapp.product", "pk": 6, "fields": {"name": "\u0422\u0435\u043c\u043d\u043e-\u0441\u0438\u043d\u0438\u0435 \u0448\u0438\u0440\u043e\u043a\u0438\u0435 \u0441\u0442\u0440\u043e\u0433\u0438\u0435 \u0431\u0440\u044e\u043a\u0438 ASOS DESIGN", "image": "product_images/Dark-blue-wide-leg-ASOs-DESIGN-trousers.png", "description": "", "short_description": "\u041b\u0435\u0433\u043a\u0430\u044f \u044d\u043b\u0430\u0441\u0442\u0438\u0447\u043d\u0430\u044f \u0442\u043a\u0430\u043d\u044c \u0441\u0438\u0440\u0441\u0430\u043a\u0435\u0440 \u0424\u0430\u043a\u0442\u0443\u0440\u043d\u0430\u044f \u0442\u043a\u0430\u043d\u044c.", "price": "2890.00", "quantity": 8, "category": 2, "is_active": true}}, {"model": "authapp.user", "pk": 1, "fields": {"password": "pbkdf2_sha256$150000$BLnMUJmr1Sp8$CHd9z83Y3MS9CbLk/+U7LIQI0RavuPvIaSE1uYQ2Lbs=", "last_login": "2021-04-01T06:44:16.362Z", "is_superuser": true, "username": "KonTroAll", "first_name": "\u041a\u043e\u043d\u0441\u0442\u0430\u043d\u0442\u0438\u043d", "last_name": "\u0422\u0440\u043e\u0448\u0435\u043d\u044c\u043a\u0438\u043d", "email": "", "is_staff": true, "is_active": true, "date_joined": "2021-01-31T08:51:48.811Z", "avatar": "", "age": 25, "activation_key": null, "activation_key_expires": "2021-03-14T09:21:14.932Z", "groups": [], "user_permissions": []}}, {"model": "authapp.user", "pk": 2, "fields": {"password": "pbkdf2_sha256$150000$iB5Tc1JcXW9Q$2Moo2RyKm0ePL6tIzUUgSQGRI+Fq+INz67iXicbJ0JA=", "last_login": "2021-02-10T17:14:26.923Z", "is_superuser": false, "username": "julia.trosh", "first_name": "\u042e\u043b\u0438\u044f", "last_name": "\u0422\u0440\u043e\u0448\u0435\u043d\u044c\u043a\u0438\u043d\u0430", "email": "yulates@mail.ru", "is_staff": false, "is_active": true, "date_joined": "2021-01-31T10:51:45.191Z", "avatar": "users_avatar/\u041f\u043e\u0440\u0442\u0440\u0435\u0442_xofPXOX.jpg", "age": 22, "activation_key": null, "activation_key_expires": "2021-03-14T09:21:14.932Z", "groups": [], "user_permissions": []}}, {"model": "authapp.user", "pk": 3, "fields": {"password": "pbkdf2_sha256$150000$uWRbmc6ZSTiy$nk2FCaLN1nDhbactr0U5CfxmB78yldMjZYriq8H4res=", "last_login": "2021-03-21T07:16:23.988Z", "is_superuser": false, "username": "kostya2706", "first_name": "\u041a\u043e\u043d\u0441\u0442\u0430\u043d\u0442\u0438\u043d", "last_name": "\u0422\u0440\u043e\u0448\u0435\u043d\u044c\u043a\u0438\u043d", "email": "kostya98295@mail.ru", "is_staff": false, "is_active": true, "date_joined": "2021-02-02T17:06:56Z", "avatar": "users_avatar/20200202_200317.jpg", "age": 25, "activation_key": null, "activation_key_expires": "2021-03-14T09:21:14.932Z", "groups": [], "user_permissions": []}}, {"model": "authapp.user", "pk": 25, "fields": {"password": "!tETunjE4MoehkBCeEGW0lfOQDtPMJa3KjKUCpVpJ", "last_login": "2021-03-24T08:30:52.626Z", "is_superuser": false, "username": "idkontroal", "first_name": "\u041a\u043e\u043d\u0441\u0442\u0430\u043d\u0442\u0438\u043d", "last_name": "\u0422\u0440\u043e\u0448\u0435\u043d\u044c\u043a\u0438\u043d", "email": "kostya98295@mail.ru", "is_staff": false, "is_active": true, "date_joined": "2021-03-17T13:53:04.699Z", "avatar": "", "age": 25, "activation_key": null, "activation_key_expires": "2021-03-19T13:48:55.435Z", "groups": [], "user_permissions": []}}, {"model": "authapp.user", "pk": 26, "fields": {"password": "!XkcfgBgNzKcVeoDHTS0wcyG4AqVdqRFn0hQWdbsj", "last_login": "2021-03-20T10:40:42.409Z", "is_superuser": false, "username": "juliates", "first_name": "\u042e\u043b\u0438\u044f", "last_name": "\u0422\u0440\u043e\u0448\u0435\u043d\u044c\u043a\u0438\u043d\u0430", "email": "yulates@mail.ru", "is_staff": false, "is_active": true, "date_joined": "2021-03-20T10:40:41.526Z", "avatar": "", "age": 18, "activation_key": null, "activation_key_expires": "2021-03-22T10:32:59.881Z", "groups": [], "user_permissions": []}}, {"model": "authapp.user", "pk": 30, "fields": {"password": "pbkdf2_sha256$150000$1Yc09ZAw6MeN$NZ+fHSZmk32IST3+ce6mkgwVrSSyYaRB/Mq6VWSVFHE=", "last_login": null, "is_superuser": false, "username": "kostya01", "first_name": "\u041a\u043e\u043d\u0441\u0442\u0430\u043d\u0442\u0438\u043d", "last_name": "\u0422\u0440\u043e\u0448\u0435\u043d\u044c\u043a\u0438\u043d", "email": "kostyatroshenkin@gmail.com", "is_staff": false, "is_active": true, "date_joined": "2021-03-21T07:41:43.743Z", "avatar": "", "age": 18, "activation_key": "9efc859446e9e7e6f4c0cf08fc9a69002b28ad9e", "activation_key_expires": "2021-03-23T07:41:22.400Z", "groups": [], "user_permissions": []}}, {"model": "authapp.shopuserprofile", "pk": 1, "fields": {"user": 1, "tagline": "", "aboutMe": "Admin", "gender": "M"}}, {"model": "authapp.shopuserprofile", "pk": 2, "fields": {"user": 2, "tagline": "", "aboutMe": "", "gender": ""}}, {"model": "authapp.shopuserprofile", "pk": 3, "fields": {"user": 3, "tagline": "", "aboutMe": "", "gender": "M"}}, {"model": "authapp.shopuserprofile", "pk": 11, "fields": {"user": 25, "tagline": "", "aboutMe": "^\r\n^\r\n^\r\n\u044d\u0442\u043e\u0433\u043e \u043d\u0435\u0434\u043e\u0441\u0442\u0430\u0442\u043e\u0447\u043d\u043e?!)", "gender": "M"}}, {"model": "authapp.shopuserprofile", "pk": 12, "fields": {"user": 26, "tagline": "", "aboutMe": "", "gender": "W"}}, {"model": "authapp.shopuserprofile", "pk": 16, "fields": {"user": 30, "tagline": "", "aboutMe": "", "gender": ""}}, {"model": "basketapp.basket", "pk": 6, "fields": {"user": 3, "product": 3, "quantity": 1, "created_timestamp": "2021-02-05T10:34:25.516Z"}}, {"model": "basketapp.basket", "pk": 7, "fields": {"user": 2, "product": 6, "quantity": 1, "created_timestamp": "2021-02-10T17:15:07.506Z"}}, {"model": "social_django.usersocialauth", "pk": 1, "fields": {"user": 25, "provider": "vk-oauth2", "uid": "63920769", "extra_data": "{\"auth_time\": 1616574652, \"id\": 63920769, \"expires\": 86400, \"access_token\": \"ff0f2d90ba587d1b3aa1b4420c9600d98297ad7a3a74d7462acc2efddbb7cd147b289dcef736466f7ec2b\", \"token_type\": null}", "created": "2021-03-17T13:53:04.793Z", "modified": "2021-03-24T08:30:52.403Z"}}, {"model": "social_django.usersocialauth", "pk": 2, "fields": {"user": 26, "provider": "vk-oauth2", "uid": "54241843", "extra_data": "{\"auth_time\": 1616236842, \"id\": 54241843, \"expires\": 86400, \"access_token\": \"d268ec8f500b7bfc046e9b424c0a5f17fe36c1f505f34a34812f5d15d9c1af049dc43a305cfcb7a49c2ca\", \"token_type\": null}", "created": "2021-03-20T10:40:41.951Z", "modified": "2021-03-20T10:40:42.032Z"}}, {"model": "ordersapp.order", "pk": 5, "fields": {"user": 1, "created": "2021-03-20T12:08:22.370Z", "updated": "2021-03-21T06:26:45.274Z", "status": "STP", "is_active": true}}, {"model": "ordersapp.order", "pk": 6, "fields": {"user": 1, "created": "2021-03-21T06:39:45.617Z", "updated": "2021-03-21T06:39:45.744Z", "status": "FM", "is_active": false}}, {"model": "ordersapp.order", "pk": 7, "fields": {"user": 1, "created": "2021-03-21T06:40:42.113Z", "updated": "2021-03-28T10:23:09.489Z", "status": "FM", "is_active": true}}, {"model": "ordersapp.order", "pk": 8, "fields": {"user": 25, "created": "2021-03-24T09:35:53.673Z", "updated": "2021-03-24T09:36:55.457Z", "status": "FM", "is_active": false}}, {"model": "ordersapp.order", "pk": 9, "fields": {"user": 25, "created": "2021-03-24T09:45:16.486Z", "updated": "2021-03-24T09:45:16.689Z", "status": "FM", "is_active": false}}, {"model": "ordersapp.order", "pk": 10, "fields": {"user": 25, "created": "2021-03-24T09:47:14.208Z", "updated": "2021-03-24T09:47:26.473Z", "status": "FM", "is_active": false}}, {"model": "ordersapp.order", "pk": 11, "fields": {"user": 25, "created": "2021-03-24T09:47:52.614Z", "updated": "2021-03-24T09:47:52.861Z", "status": "FM", "is_active": false}}, {"model": "ordersapp.order", "pk": 12, "fields": {"user": 25, "created": "2021-03-24T09:48:16.734Z", "updated": "2021-03-24T09:48:16.943Z", "status": "FM", "is_active": false}}, {"model": "ordersapp.order", "pk": 13, "fields": {"user": 25, "created": "2021-03-24T09:48:45.908Z", "updated": "2021-03-24T09:48:56.440Z", "status": "FM", "is_active": false}}, {"model": "ordersapp.order", "pk": 14, "fields": {"user": 25, "created": "2021-03-24T15:21:22.771Z", "updated": "2021-03-24T16:04:03.292Z", "status": "FM", "is_active": false}}, {"model": "ordersapp.order", "pk": 15, "fields": {"user": 25, "created": "2021-03-24T16:07:43.642Z", "updated": "2021-03-24T16:07:48.538Z", "status": "FM", "is_active": false}}, {"model": "ordersapp.order", "pk": 16, "fields": {"user": 1, "created": "2021-03-28T10:49:06.895Z", "updated": "2021-03-28T10:49:07.052Z", "status": "FM", "is_active": false}}, {"model": "ordersapp.order", "pk": 17, "fields": {"user": 1, "created": "2021-03-28T10:52:54.728Z", "updated": "2021-03-28T11:03:27.980Z", "status": "FM", "is_active": false}}, {"model": "ordersapp.order", "pk": 18, "fields": {"user": 25, "created": "2021-03-28T12:31:44.845Z", "updated": "2021-03-28T12:31:44.994Z", "status": "FM", "is_active": false}}, {"model": "ordersapp.order", "pk": 19, "fields": {"user": 25, "created": "2021-03-28T12:35:29.634Z", "updated": "2021-03-28T12:35:46.998Z", "status": "FM", "is_active": false}}, {"model": "ordersapp.order", "pk": 20, "fields": {"user": 25, "created": "2021-03-28T12:47:21.530Z", "updated": "2021-03-28T12:47:21.589Z", "status": "FM", "is_active": true}}, {"model": "ordersapp.order", "pk": 21, "fields": {"user": 25, "created": "2021-03-28T13:04:52.969Z", "updated": "2021-03-28T13:05:08.796Z", "status": "FM", "is_active": true}}, {"model": "ordersapp.order", "pk": 22, "fields": {"user": 1, "created": "2021-03-28T13:05:26.757Z", "updated": "2021-03-28T13:05:26.819Z", "status": "FM", "is_active": true}}, {"model": "ordersapp.order", "pk": 23, "fields": {"user": 1, "created": "2021-04-05T14:17:42.020Z", "updated": "2021-04-05T14:17:42.321Z", "status": "FM", "is_active": true}}, {"model": "ordersapp.orderitem", "pk": 6, "fields": {"order": 5, "product": 1, "quantity": 1}}, {"model": "ordersapp.orderitem", "pk": 7, "fields": {"order": 5, "product": 2, "quantity": 1}}, {"model": "ordersapp.orderitem", "pk": 8, "fields": {"order": 7, "product": 5, "quantity": 1}}, {"model": "ordersapp.orderitem", "pk": 9, "fields": {"order": 8, "product": 2, "quantity": 1}}, {"model": "ordersapp.orderitem", "pk": 10, "fields": {"order": 10, "product": 4, "quantity": 1}}, {"model": "ordersapp.orderitem", "pk": 11, "fields": {"order": 13, "product": 1, "quantity": 1}}, {"model": "ordersapp.orderitem", "pk": 12, "fields": {"order": 14, "product": 3, "quantity": 1}}, {"model": "ordersapp.orderitem", "pk": 13, "fields": {"order": 14, "product": 2, "quantity": 1}}, {"model": "ordersapp.orderitem", "pk": 14, "fields": {"order": 14, "product": 4, "quantity": 1}}, {"model": "ordersapp.orderitem", "pk": 15, "fields": {"order": 15, "product": 1, "quantity": 1}}, {"model": "ordersapp.orderitem", "pk": 16, "fields": {"order": 15, "product": 3, "quantity": 1}}, {"model": "ordersapp.orderitem", "pk": 17, "fields": {"order": 7, "product": 2, "quantity": 1}}, {"model": "ordersapp.orderitem", "pk": 18, "fields": {"order": 17, "product": 1, "quantity": 1}}, {"model": "ordersapp.orderitem", "pk": 19, "fields": {"order": 19, "product": 3, "quantity": 1}}, {"model": "ordersapp.orderitem", "pk": 20, "fields": {"order": 20, "product": 1, "quantity": 1}}, {"model": "ordersapp.orderitem", "pk": 21, "fields": {"order": 21, "product": 6, "quantity": 2}}, {"model": "ordersapp.orderitem", "pk": 22, "fields": {"order": 21, "product": 3, "quantity": 1}}, {"model": "ordersapp.orderitem", "pk": 23, "fields": {"order": 22, "product": 5, "quantity": 1}}, {"model": "ordersapp.orderitem", "pk": 24, "fields": {"order": 23, "product": 1, "quantity": 1}}, {"model": "ordersapp.orderitem", "pk": 25, "fields": {"order": 23, "product": 2, "quantity": 1}}, {"model": "admin.logentry", "pk": 1, "fields": {"action_time": "2021-02-02T16:15:49.205Z", "user": 1, "content_type": 7, "object_id": "1", "object_repr": "\u0425\u0443\u0434\u0438 \u0447\u0435\u0440\u043d\u043e\u0433\u043e \u0446\u0432\u0435\u0442\u0430 \u0441 \u043c\u043e\u043d\u043e\u0433\u0440\u0430\u043c\u043c\u0430\u043c\u0438 adidas Originals | \u041e\u0434\u0435\u0436\u0434\u0430", "action_flag": 2, "change_message": "[{\"changed\": {\"fields\": [\"image\"]}}]"}}, {"model": "admin.logentry", "pk": 2, "fields": {"action_time": "2021-02-02T16:16:06.562Z", "user": 1, "content_type": 7, "object_id": "1", "object_repr": "\u0425\u0443\u0434\u0438 \u0447\u0435\u0440\u043d\u043e\u0433\u043e \u0446\u0432\u0435\u0442\u0430 \u0441 \u043c\u043e\u043d\u043e\u0433\u0440\u0430\u043c\u043c\u0430\u043c\u0438 adidas Originals | \u041e\u0434\u0435\u0436\u0434\u0430", "action_flag": 2, "change_message": "[{\"changed\": {\"fields\": [\"image\"]}}]"}}, {"model": "admin.logentry", "pk": 3, "fields": {"action_time": "2021-02-02T16:16:22.885Z", "user": 1, "content_type": 7, "object_id": "2", "object_repr": "\u0421\u0438\u043d\u044f\u044f \u043a\u0443\u0440\u0442\u043a\u0430 The North Face | \u041e\u0434\u0435\u0436\u0434\u0430", "action_flag": 2, "change_message": "[{\"changed\": {\"fields\": [\"image\"]}}]"}}, {"model": "admin.logentry", "pk": 4, "fields": {"action_time": "2021-02-02T16:16:31.979Z", "user": 1, "content_type": 7, "object_id": "2", "object_repr": "\u0421\u0438\u043d\u044f\u044f \u043a\u0443\u0440\u0442\u043a\u0430 The North Face | \u041e\u0434\u0435\u0436\u0434\u0430", "action_flag": 2, "change_message": "[{\"changed\": {\"fields\": [\"image\"]}}]"}}, {"model": "admin.logentry", "pk": 5, "fields": {"action_time": "2021-02-02T16:16:36.477Z", "user": 1, "content_type": 7, "object_id": "3", "object_repr": "\u041a\u043e\u0440\u0438\u0447\u043d\u0435\u0432\u044b\u0439 \u0441\u043f\u043e\u0440\u0442\u0438\u0432\u043d\u044b\u0439 oversized-\u0442\u043e\u043f ASOS DESIGN | \u041d\u043e\u0432\u0438\u043d\u043a\u0438", "action_flag": 2, "change_message": "[{\"changed\": {\"fields\": [\"image\"]}}]"}}, {"model": "admin.logentry", "pk": 6, "fields": {"action_time": "2021-02-02T16:16:47.708Z", "user": 1, "content_type": 7, "object_id": "3", "object_repr": "\u041a\u043e\u0440\u0438\u0447\u043d\u0435\u0432\u044b\u0439 \u0441\u043f\u043e\u0440\u0442\u0438\u0432\u043d\u044b\u0439 oversized-\u0442\u043e\u043f ASOS DESIGN | \u041d\u043e\u0432\u0438\u043d\u043a\u0438", "action_flag": 2, "change_message": "[{\"changed\": {\"fields\": [\"image\"]}}]"}}, {"model": "admin.logentry", "pk": 7, "fields": {"action_time": "2021-02-02T16:16:53.220Z", "user": 1, "content_type": 7, "object_id": "4", "object_repr": "\u0427\u0435\u0440\u043d\u044b\u0439 \u0440\u044e\u043a\u0437\u0430\u043a Nike Heritage | \u0410\u043a\u0441\u0435\u0441\u0441\u0443\u0430\u0440\u044b", "action_flag": 2, "change_message": "[{\"changed\": {\"fields\": [\"image\"]}}]"}}, {"model": "admin.logentry", "pk": 8, "fields": {"action_time": "2021-02-02T16:16:58.632Z", "user": 1, "content_type": 7, "object_id": "4", "object_repr": "\u0427\u0435\u0440\u043d\u044b\u0439 \u0440\u044e\u043a\u0437\u0430\u043a Nike Heritage | \u0410\u043a\u0441\u0435\u0441\u0441\u0443\u0430\u0440\u044b", "action_flag": 2, "change_message": "[{\"changed\": {\"fields\": [\"image\"]}}]"}}, {"model": "admin.logentry", "pk": 9, "fields": {"action_time": "2021-02-02T16:17:03.077Z", "user": 1, "content_type": 7, "object_id": "5", "object_repr": "\u0427\u0435\u0440\u043d\u044b\u0435 \u0442\u0443\u0444\u043b\u0438 \u043d\u0430 \u043f\u043b\u0430\u0442\u0444\u043e\u0440\u043c\u0435 \u0441 3 \u043f\u0430\u0440\u0430\u043c\u0438 \u043b\u044e\u0432\u0435\u0440\u0441\u043e\u0432 Dr Martens 1461 Bex | \u041e\u0431\u0443\u0432\u044c", "action_flag": 2, "change_message": "[{\"changed\": {\"fields\": [\"image\"]}}]"}}, {"model": "admin.logentry", "pk": 10, "fields": {"action_time": "2021-02-02T16:17:14.156Z", "user": 1, "content_type": 7, "object_id": "5", "object_repr": "\u0427\u0435\u0440\u043d\u044b\u0435 \u0442\u0443\u0444\u043b\u0438 \u043d\u0430 \u043f\u043b\u0430\u0442\u0444\u043e\u0440\u043c\u0435 \u0441 3 \u043f\u0430\u0440\u0430\u043c\u0438 \u043b\u044e\u0432\u0435\u0440\u0441\u043e\u0432 Dr Martens 1461 Bex | \u041e\u0431\u0443\u0432\u044c", "action_flag": 2, "change_message": "[{\"changed\": {\"fields\": [\"image\"]}}]"}}, {"model": "admin.logentry", "pk": 11, "fields": {"action_time": "2021-02-02T16:17:18.976Z", "user": 1, "content_type": 7, "object_id": "6", "object_repr": "\u0422\u0435\u043c\u043d\u043e-\u0441\u0438\u043d\u0438\u0435 \u0448\u0438\u0440\u043e\u043a\u0438\u0435 \u0441\u0442\u0440\u043e\u0433\u0438\u0435 \u0431\u0440\u044e\u043a\u0438 ASOS DESIGN | \u041e\u0434\u0435\u0436\u0434\u0430", "action_flag": 2, "change_message": "[{\"changed\": {\"fields\": [\"image\"]}}]"}}, {"model": "admin.logentry", "pk": 12, "fields": {"action_time": "2021-02-02T16:17:24.499Z", "user": 1, "content_type": 7, "object_id": "6", "object_repr": "\u0422\u0435\u043c\u043d\u043e-\u0441\u0438\u043d\u0438\u0435 \u0448\u0438\u0440\u043e\u043a\u0438\u0435 \u0441\u0442\u0440\u043e\u0433\u0438\u0435 \u0431\u0440\u044e\u043a\u0438 ASOS DESIGN | \u041e\u0434\u0435\u0436\u0434\u0430", "action_flag": 2, "change_message": "[{\"changed\": {\"fields\": [\"image\"]}}]"}}, {"model": "admin.logentry", "pk": 13, "fields": {"action_time": "2021-02-04T04:21:21.412Z", "user": 1, "content_type": 8, "object_id": "3", "object_repr": "kostya2706", "action_flag": 2, "change_message": "[{\"changed\": {\"fields\": [\"avatar\"]}}]"}}, {"model": "admin.logentry", "pk": 14, "fields": {"action_time": "2021-02-04T04:23:36.417Z", "user": 1, "content_type": 8, "object_id": "3", "object_repr": "kostya2706", "action_flag": 2, "change_message": "[{\"changed\": {\"fields\": [\"avatar\"]}}]"}}, {"model": "admin.logentry", "pk": 15, "fields": {"action_time": "2021-03-12T10:37:46.290Z", "user": 1, "content_type": 8, "object_id": "11", "object_repr": "kostya10", "action_flag": 3, "change_message": ""}}, {"model": "admin.logentry", "pk": 16, "fields": {"action_time": "2021-03-12T10:37:50.269Z", "user": 1, "content_type": 8, "object_id": "10", "object_repr": "kostya09", "action_flag": 3, "change_message": ""}}, {"model": "admin.logentry", "pk": 17, "fields": {"action_time": "2021-03-12T10:37:54.643Z", "user": 1, "content_type": 8, "object_id": "9", "object_repr": "kostya08", "action_flag": 3, "change_message": ""}}, {"model": "admin.logentry", "pk": 18, "fields": {"action_time": "2021-03-12T10:52:06.267Z", "user": 1, "content_type": 8, "object_id": "14", "object_repr": "kostya10", "action_flag": 3, "change_message": ""}}, {"model": "admin.logentry", "pk": 19, "fields": {"action_time": "2021-03-12T10:52:10.612Z", "user": 1, "content_type": 8, "object_id": "13", "object_repr": "kostya09", "action_flag": 3, "change_message": ""}}, {"model": "admin.logentry", "pk": 20, "fields": {"action_time": "2021-03-12T10:52:22.491Z", "user": 1, "content_type": 8, "object_id": "12", "object_repr": "kostya08", "action_flag": 3, "change_message": ""}}, {"model": "admin.logentry", "pk": 21, "fields": {"action_time": "2021-03-12T10:52:27.377Z", "user": 1, "content_type": 8, "object_id": "8", "object_repr": "kostya07", "action_flag": 3, "change_message": ""}}, {"model": "admin.logentry", "pk": 22, "fields": {"action_time": "2021-03-12T10:56:32.376Z", "user": 1, "content_type": 8, "object_id": "15", "object_repr": "kostya09", "action_flag": 3, "change_message": ""}}, {"model": "admin.logentry", "pk": 23, "fields": {"action_time": "2021-03-12T11:02:29.562Z", "user": 1, "content_type": 8, "object_id": "16", "object_repr": "kostya09", "action_flag": 3, "change_message": ""}}, {"model": "admin.logentry", "pk": 24, "fields": {"action_time": "2021-03-12T11:03:15.775Z", "user": 1, "content_type": 8, "object_id": "17", "object_repr": "kostya09", "action_flag": 3, "change_message": ""}}, {"model": "admin.logentry", "pk": 25, "fields": {"action_time": "2021-03-12T11:03:23.887Z", "user": 1, "content_type": 8, "object_id": "18", "object_repr": "kostya09", "action_flag": 3, "change_message": ""}}, {"model": "admin.logentry", "pk": 26, "fields": {"action_time": "2021-03-12T11:11:05.607Z", "user": 1, "content_type": 8, "object_id": "20", "object_repr": "kostya08", "action_flag": 3, "change_message": ""}}, {"model": "admin.logentry", "pk": 27, "fields": {"action_time": "2021-03-12T11:11:12.273Z", "user": 1, "content_type": 8, "object_id": "19", "object_repr": "kostya07", "action_flag": 3, "change_message": ""}}, {"model": "admin.logentry", "pk": 28, "fields": {"action_time": "2021-03-12T11:15:20.520Z", "user": 1, "content_type": 8, "object_id": "21", "object_repr": "kostya07", "action_flag": 3, "change_message": ""}}, {"model": "admin.logentry", "pk": 29, "fields": {"action_time": "2021-03-20T10:43:45.920Z", "user": 1, "content_type": 16, "object_id": "1", "object_repr": "Active Order: 1", "action_flag": 3, "change_message": ""}}, {"model": "admin.logentry", "pk": 30, "fields": {"action_time": "2021-03-20T10:43:55.818Z", "user": 1, "content_type": 16, "object_id": "4", "object_repr": "Active Order: 4", "action_flag": 3, "change_message": ""}}, {"model": "admin.logentry", "pk": 31, "fields": {"action_time": "2021-03-20T10:43:55.878Z", "user": 1, "content_type": 16, "object_id": "3", "object_repr": "Active Order: 3", "action_flag": 3, "change_message": ""}}, {"model": "admin.logentry", "pk": 32, "fields": {"action_time": "2021-03-20T10:43:55.964Z", "user": 1, "content_type": 16, "object_id": "2", "object_repr": "Active Order: 2", "action_flag": 3, "change_message": ""}}, {"model": "admin.logentry", "pk": 33, "fields": {"action_time": "2021-03-20T10:43:56.020Z", "user": 1, "content_type": 16, "object_id": "1", "object_repr": "Active Order: 1", "action_flag": 3, "change_message": ""}}, {"model": "admin.logentry", "pk": 34, "fields": {"action_time": "2021-03-21T07:23:04.776Z", "user": 1, "content_type": 8, "object_id": "24", "object_repr": "kostya09", "action_flag": 3, "change_message": ""}}, {"model": "admin.logentry", "pk": 35, "fields": {"action_time": "2021-03-21T07:23:04.847Z", "user": 1, "content_type": 8, "object_id": "23", "object_repr": "kostya07", "action_flag": 3, "change_message": ""}}, {"model": "admin.logentry", "pk": 36, "fields": {"action_time": "2021-03-21T07:23:04.972Z", "user": 1, "content_type": 8, "object_id": "22", "object_repr": "kostya06", "action_flag": 3, "change_message": ""}}, {"model": "admin.logentry", "pk": 37, "fields": {"action_time": "2021-03-21T07:23:05.031Z", "user": 1, "content_type": 8, "object_id": "7", "object_repr": "kostya05", "action_flag": 3, "change_message": ""}}, {"model": "admin.logentry", "pk": 38, "fields": {"action_time": "2021-03-21T07:23:05.098Z", "user": 1, "content_type": 8, "object_id": "6", "object_repr": "kostya04", "action_flag": 3, "change_message": ""}}, {"model": "admin.logentry", "pk": 39, "fields": {"action_time": "2021-03-21T07:23:05.165Z", "user": 1, "content_type": 8, "object_id": "5", "object_repr": "kostya03", "action_flag": 3, "change_message": ""}}, {"model": "admin.logentry", "pk": 40, "fields": {"action_time": "2021-03-21T07:23:05.240Z", "user": 1, "content_type": 8, "object_id": "4", "object_repr": "kostya01", "action_flag": 3, "change_message": ""}}, {"model": "admin.logentry", "pk": 41, "fields": {"action_time": "2021-03-21T07:39:16.118Z", "user": 1, "content_type": 8, "object_id": "29", "object_repr": "kostya06", "action_flag": 3, "change_message": ""}}, {"model": "admin.logentry", "pk": 42, "fields": {"action_time": "2021-03-21T07:39:16.191Z", "user": 1, "content_type": 8, "object_id": "28", "object_repr": "kostya05", "action_flag": 3, "change_message": ""}}, {"model": "admin.logentry", "pk": 43, "fields": {"action_time": "2021-03-21T07:39:16.260Z", "user": 1, "content_type": 8, "object_id": "27", "object_repr": "kostya01", "action_flag": 3, "change_message": ""}}, {"model": "admin.logentry", "pk": 44, "fields": {"action_time": "2021-03-24T08:45:24.989Z", "user": 1, "content_type": 9, "object_id": "19", "object_repr": "\u041a\u043e\u0440\u0437\u0438\u043d\u0430 \u0434\u043b\u044f idkontroal | \u041f\u0440\u043e\u0434\u0443\u043a\u0442 \u0425\u0443\u0434\u0438 \u0447\u0435\u0440\u043d\u043e\u0433\u043e \u0446\u0432\u0435\u0442\u0430 \u0441 \u043c\u043e\u043d\u043e\u0433\u0440\u0430\u043c\u043c\u0430\u043c\u0438 adidas Originals", "action_flag": 3, "change_message": ""}}, {"model": "admin.logentry", "pk": 45, "fields": {"action_time": "2021-03-24T08:54:59.258Z", "user": 1, "content_type": 9, "object_id": "20", "object_repr": "\u041a\u043e\u0440\u0437\u0438\u043d\u0430 \u0434\u043b\u044f idkontroal | \u041f\u0440\u043e\u0434\u0443\u043a\u0442 \u0425\u0443\u0434\u0438 \u0447\u0435\u0440\u043d\u043e\u0433\u043e \u0446\u0432\u0435\u0442\u0430 \u0441 \u043c\u043e\u043d\u043e\u0433\u0440\u0430\u043c\u043c\u0430\u043c\u0438 adidas Originals", "action_flag": 3, "change_message": ""}}]